ACCESSION_NUMBER	CORP_PARTNER_TYPE	CORP_PARTNER_ID	ENTITYNAME	RELATIONSHIPSTARTDATE	TITLEORSTATUS	OWNERSHIPCODE	CONTROLPERSON	AUTHORITYDESCRIPTION	RELATIONSHIPENDDATE
0001511164-16-001044	soleProprietorship	1	Connect X Capital Markets, LLC	30-MAR-2011	100% - Holding Company			100% - Holding Company	
0001133702-16-000019	corporationPartnership	3	Thomas Lux	01-SEP-2006	CFO	NA	false		01-JUN-2009
0001133702-16-000019	corporationPartnership	5	Ellyn McColgan	01-APR-2003	Director	NA	true		15-AUG-2007
0001133702-16-000019	corporationPartnership	6	Gerard McGraw	01-APR-2003	Director & CEO	NA	true		
0001133702-16-000019	corporationPartnership	7	Richard OBrien	01-AUG-2002	Chief Compliance Officer	NA	false		
0001133702-16-000019	corporationPartnership	8	Tami Rash	01-JUN-2005	Treasurer & SVP	NA	false		
0001133702-16-000019	corporationPartnership	9	Karen Saperstein	01-AUG-2003	Secretary & General Counsel	NA	false		14-SEP-2008
0001133702-16-000019	corporationPartnership	10	Rodger Lawson	04-OCT-2007	Director	NA	true		31-MAR-2010
0001133702-16-000019	corporationPartnership	11	Karen Crupi	15-SEP-2008	Secretary & Chief Legal Officer	NA	false		
0001133702-16-000019	corporationPartnership	12	Charles Goldman	01-APR-2009	Director & CEO	NA	true		01-FEB-2010
0001133702-16-000019	corporationPartnership	13	Sanjiv Mirchandani	01-APR-2009	Director & President	NA	true		
0001133702-16-000019	corporationPartnership	14	Paul Guaneri	01-JUN-2009	CFO	NA	false		31-MAR-2010
0001133702-16-000019	corporationPartnership	15	Mark Katzelnick	01-FEB-2010	COO	NA	false		
0001133702-16-000019	corporationPartnership	16	Harris Komishane	31-MAR-2010	CFO	NA	false		
0001133702-16-000019	corporationPartnership	17	Anmarie Ciccolo	10-OCT-2013	Transfer Agent CCO	NA	false		
0001133702-16-000019	corporationPartnership	4	Norman Malo	01-AUG-2000	Director & CEO	NA	true		01-APR-2009
0001133702-16-000019	corporationPartnership	1	Fidelity Global Brokerage Group, Inc	01-AUG-2000	parent	E	true		
0001133702-16-000019	corporationPartnership	2	Robert Adams	01-MAY-2004	Executive Vice President	NA	true		
0001007444-16-000063	soleProprietorship	12	Sallie Rebecca Larsen	01-MAY-2012	Managing Director			Chief Human Capital Officer	
0001007444-16-000063	soleProprietorship	11	Joan Dominy Khoury	01-MAY-2012	Managing Director			Chief Marketing Officer	01-JUN-2014
0001007444-16-000063	soleProprietorship	14	Mark Stephen Casady	01-DEC-2005	Chairman of the Board and CEO			Chief Executive Officer	
0001007444-16-000063	soleProprietorship	15	William P. Morrissey, Jr.	01-APR-2014	Managing Director & Divisional President			Independent Advisor Services	
0001007444-16-000063	soleProprietorship	16	Stephanie Leigh Brown	01-MAR-2004	Managing Director			General Counsel	19-AUG-2013
0001007444-16-000063	soleProprietorship	17	Esther Marion Stearns	01-MAR-2007	Chief Operating Officer			President	01-MAY-2012
0001007444-16-000063	soleProprietorship	18	William Edward Dwyer III	01-JAN-2004	Managing Director			National Sales	01-MAR-2013
0001007444-16-000063	soleProprietorship	19	Denise Abood	01-JAN-2008	Managing Director			Human Capital	30-JUN-2012
0001007444-16-000063	soleProprietorship	20	Jonathan Eaton	01-JAN-2008	Managing Director			Retirement Planning	30-JUN-2012
0001007444-16-000063	soleProprietorship	21	Christopher F. Feeney	28-JAN-2008	Managing Director			Chief Information Officer	31-DEC-2012
0001007444-16-000063	soleProprietorship	22	Kathy VanNoy-Pineda	21-MAY-2009	EVP			Chief Compliance Officer, Brokerage	01-JAN-2014
0001007444-16-000063	soleProprietorship	23	John J. McDermott Jr.	27-JUL-2009	Managing Director			Chief Risk Officer	13-SEP-2013
0001007444-16-000063	soleProprietorship	24	Abdiel Alan Valenzuela	21-MAY-2009	VP - Advisory			Chief Compliance Officer, Advisory	01-MAY-2011
0001007444-16-000063	soleProprietorship	25	Derek Bruton	01-MAR-2010	Managing Director			National Sales	04-APR-2014
0001007444-16-000063	soleProprietorship	26	Becky Shulman	06-JUN-2011	Managing Director			Deputy CFO	21-NOV-2011
0001007444-16-000063	soleProprietorship	27	Mary Frances Schott	01-JUN-2014	Managing Director			Client Experience and Training	29-MAR-2016
0001007444-16-000063	soleProprietorship	28	Ryan Christopher Parker	01-JUN-2014	Managing Director			Investment and Planning Solutions	03-JUN-2016
0001007444-16-000063	soleProprietorship	29	Thomas Dominic Lux	16-MAR-2015	Executive Vice President			Chief Financial Officer	28-SEP-2015
0001007444-16-000063	soleProprietorship	30	Thomas Andrew Gooley	10-JUL-2015	Managing Director			Service, Trading and Operations	
0001007444-16-000063	soleProprietorship	31	Matthew Jon Audette	28-SEP-2015	Chief Financial Officer			Chief Financial Officer	
0001007444-16-000063	soleProprietorship	32	Suzanne Elizabeth Auletta	18-SEP-2015	Executive Vice President			Chief Compliance Officer, Brokerage	
0001007444-16-000063	soleProprietorship	33	Tracy Ellen Calder	25-JAN-2016	Managing Director			Deputy Chief Risk Officer	
0001007444-16-000063	soleProprietorship	1	LPL Holdings, Inc.	01-APR-1989	Managing Member			Parent Company	
0001007444-16-000063	soleProprietorship	2	Mark Robert Helliker	01-AUG-2008	Managing Director			Client Support Services	01-AUG-2015
0001007444-16-000063	soleProprietorship	3	Robert Joseph Moore	01-MAY-2012	President and Director			Advisor & Institution Solutions	16-MAR-2015
0001007444-16-000063	soleProprietorship	4	Sharyn J. Handelsman	01-JAN-2014	Managing Director			Chief Compliance Officer, Brokerage	12-JUN-2015
0001007444-16-000063	soleProprietorship	5	George Burton White	01-NOV-2007	Managing Director			Chief Investment Officer	
0001007444-16-000063	soleProprietorship	6	Dan Hogan Arnold, Jr.	01-MAY-2012	President			President	
0001007444-16-000063	soleProprietorship	7	David Paul Bergers	01-AUG-2013	Managing Director			Legal and Government Relations	
0001007444-16-000063	soleProprietorship	8	Michelle Oroschakoff	01-SEP-2013	Managing Director			Chief Risk Officer	
0001007444-16-000063	soleProprietorship	9	Paul Middlemiss	01-MAY-2011	Executive Vice President			Chief Compliance Officer, Advisory	
0001007444-16-000063	soleProprietorship	10	John Andrew Kalbaugh	01-MAR-2010	Managing Director & Divisional President			Institution Services	
0001007444-16-000063	soleProprietorship	13	Victor Peter Fetter, III	01-DEC-2012	Managing Director			Chief Information Officer	
0000842657-16-000049	corporationPartnership	1	John Dorogoff	01-MAY-2014	Director and President	NA	true		24-MAY-2016
0001018490-16-000044	corporationPartnership	9	Deutsche Bank AG	01-FEB-2012	Owner of 100% of DBTC	E	false		
0000842657-16-000049	corporationPartnership	3	Michael Sharkey	08-AUG-2014	Director	NA	true		
0000842657-16-000049	corporationPartnership	4	Nancy Tanzil	13-MAY-2014	Chief Financial Officer and Treasurer	NA	true		
0000842657-16-000049	corporationPartnership	5	Fred Ill	13-MAR-2007	Vice President	NA	true		28-FEB-2015
0000842657-16-000049	corporationPartnership	6	Caroline Pearson	22-JUN-2010	Secretary	NA	true		
0000842657-16-000049	corporationPartnership	7	Anjie Larocca	11-JUL-2006	Assistant Secretary	NA	true		
0000842657-16-000049	corporationPartnership	8	Deutsche Investment Management Americas Inc. (DIMA)	06-FEB-1998	100% owner of Registrant	E	true		
0000842657-16-000049	corporationPartnership	9	Deutsche Bank AG	01-APR-2002	100% owner of DB USA Corporation	E	true		
0000842657-16-000049	corporationPartnership	10	DB USA Corporation	01-APR-2002	100% owner of DB Americas Holding Corp.	E	true		
0000842657-16-000049	corporationPartnership	11	Deutsche Bank Americas Holding Corporation (DBAHC)	01-APR-2001	100% owner of DIMA	E	true		
0000842657-16-000049	corporationPartnership	12	Barbara Wizer	05-JAN-2005	Director and President	NA	true		01-MAY-2014
0000842657-16-000049	corporationPartnership	13	Leah Mizer	10-OCT-2006	Director	NA	true		08-AUG-2014
0000842657-16-000049	corporationPartnership	14	Michael Sharkey	13-MAR-2007	Vice President	NA	true		07-AUG-2014
0000842657-16-000049	corporationPartnership	15	Brian Binder	25-MAY-2016	Director and President	NA	true		
0001018490-16-000044	corporationPartnership	1	Foy Benton Hester	01-JUL-1999	Director	NA	true		31-MAR-2015
0001018490-16-000044	corporationPartnership	2	Michael Seamus Moran	31-AUG-2004	Director	NA	true		31-JUL-2009
0001018490-16-000044	corporationPartnership	3	Scott Allan Muirhead	05-FEB-2003	Director and President	NA	true		25-JUL-2008
0001018490-16-000044	corporationPartnership	4	Deutsche Bank Holdings, Inc. ('DBHold')	12-DEC-1991	Owner of 100% of Registrant	E	false		
0001018490-16-000044	corporationPartnership	5	Deutsche Bank Trust Corporation ('DBTC')	31-MAR-1990	Owner of 100% of DBHold	E	false		
0001018490-16-000044	corporationPartnership	6	DB USA Corporation	04-JUN-1999	Owner of 100% of DBTC	E	false		01-FEB-2012
0001018490-16-000044	corporationPartnership	7	Deutsche Bank AG	04-JUN-1999	Owner of 100% of DB USA Corporation	E	false		
0001018490-16-000044	corporationPartnership	8	Alec Gurdeep Singh	05-AUG-2008	Director and President	NA	true		
0000842657-16-000049	corporationPartnership	2	Kristine Lyons	22-SEP-2005	Director	NA	true		
0001133702-16-000016	corporationPartnership	1	Fidelity Global Brokerage Group, Inc	01-AUG-2000	parent	E	true		
0001133702-16-000016	corporationPartnership	2	Robert Adams	01-MAY-2004	Executive Vice President	NA	true		
0001133702-16-000016	corporationPartnership	3	Thomas Lux	01-SEP-2006	CFO	NA	false		01-JUN-2009
0001133702-16-000016	corporationPartnership	4	Norman Malo	01-AUG-2000	Director & CEO	NA	true		01-APR-2009
0001133702-16-000016	corporationPartnership	5	Ellyn McColgan	01-APR-2003	Director	NA	true		15-AUG-2007
0001133702-16-000016	corporationPartnership	6	Gerard McGraw	01-APR-2003	Director & CEO	NA	true		
0001133702-16-000016	corporationPartnership	7	Richard OBrien	01-AUG-2002	Chief Compliance Officer	NA	false		
0001133702-16-000016	corporationPartnership	8	Tami Rash	01-JUN-2005	Treasurer & SVP	NA	false		
0001133702-16-000016	corporationPartnership	9	Karen Saperstein	01-AUG-2003	Secretary & General Counsel	NA	false		14-SEP-2008
0001133702-16-000016	corporationPartnership	10	Rodger Lawson	04-OCT-2007	Director	NA	true		31-MAR-2010
0001133702-16-000016	corporationPartnership	11	Karen Crupi	15-SEP-2008	Secretary & Chief Legal Officer	NA	false		
0001133702-16-000016	corporationPartnership	12	Charles Goldman	01-APR-2009	Director & CEO	NA	true		01-FEB-2010
0001133702-16-000016	corporationPartnership	13	Sanjiv Mirchandani	01-APR-2009	Director & President	NA	true		
0001133702-16-000016	corporationPartnership	14	Paul Guaneri	01-JUN-2009	CFO	NA	false		31-MAR-2010
0001133702-16-000016	corporationPartnership	15	Mark Katzelnick	01-FEB-2010	COO	NA	false		
0001133702-16-000016	corporationPartnership	16	Harris Komishane	31-MAR-2010	CFO	NA	false		
0001133702-16-000016	corporationPartnership	17	Anmarie Ciccolo	10-OCT-2013	Transfer Agent CCO	NA	false		
0001410578-16-000905	corporationPartnership	1	Henry Ward	06-JUL-2012	CEO	B	true		
0000740583-16-000460	soleProprietorship	23	Michael Masters	13-AUG-2014	Vice President			Officer	
0000740583-16-000460	soleProprietorship	8	Mary Ann Durall	05-JUN-2012	Sr. Vice President			Officer	
0000740583-16-000460	soleProprietorship	25	Vinod Kachroo	15-JUN-2015	Sr. VP and Chief Information Officer			Officer	
0000740583-16-000460	soleProprietorship	26	Ashish Jha	29-FEB-2016	Vice President			Officer	
0000740583-16-000460	soleProprietorship	27	Kevin Paulson	15-AUG-2016	Sr. Vice President and COO			Officer	
0000740583-16-000460	soleProprietorship	28	Zachary Wilson	01-JAN-2016	Vice President			Officer	
0000740583-16-000460	soleProprietorship	29	Uday M. Tembulkar	18-SEP-2015	Vice President			Officer	
0000740583-16-000460	soleProprietorship	30	Thirunavukarasu Sivasubramanian	18-SEP-2015	Vice President			Officer	
0000740583-16-000460	soleProprietorship	31	Edward J. Miller	18-SEP-2015	Vice President			Officer	
0000740583-16-000460	soleProprietorship	32	Amy Cline	02-MAY-2016	VP, Assoc. General Counsel & Secretary			Officer	
0000740583-16-000460	soleProprietorship	33	Janet Dulohery	02-MAY-2016	VP, Head of Human Resources			Officer	
0000740583-16-000460	soleProprietorship	1	Security Benefit Corporation	14-FEB-2005	Sole Member se2 Holdco, LLC			Sole Member	
0000740583-16-000460	soleProprietorship	2	Gautam Thakkar (a/k/a Thakkar)	18-MAR-2015	CEO			Officer	
0000740583-16-000460	soleProprietorship	3	Eric F. Rea	30-SEP-2010	President			Officer	
0000740583-16-000460	soleProprietorship	4	John F. Guyot	30-SEP-2010	Sr. VP & General Counsel			Officer	
0000740583-16-000460	soleProprietorship	5	James R. Schmank	30-SEP-2010	Sr. Vice President & CFO			Officer	
0000740583-16-000460	soleProprietorship	6	Guggenheim SBC Holdings, LLC	30-JUL-2010	Shareholder of Security Benefit Corp.			Indirect Owner	
0000740583-16-000460	soleProprietorship	7	Frank J. Rosa	30-SEP-2010	Sr. Vice President, Operations			Officer	
0000740583-16-000460	soleProprietorship	9	Thomas M. Spencer	30-SEP-2010	Sr. Vice President, Business Development			Officer	
0000740583-16-000460	soleProprietorship	10	Lisa Young	30-SEP-2010	Assistant Treasurer			Officer	
0000740583-16-000460	soleProprietorship	11	Brenda Kramer	30-SEP-2010	Sr. Legal Analyst & Assistant Secretary			Officer	
0000740583-16-000460	soleProprietorship	12	Eldridge Investors, LLC	30-JUL-2010	Membership Interest Guggenheim SBC Hldgs			Indirect Interest	
0000740583-16-000460	soleProprietorship	13	Guggenheim Knights of Security, LLC	30-JUL-2010	Sole Manager-Guggenheim SBC Holdings			Indirect Interest	
0000740583-16-000460	soleProprietorship	14	Guggenheim Lawrence, LLC	30-JUL-2010	Membership Interest-Eldridge Investors			Indirect Interest	
0000740583-16-000460	soleProprietorship	15	SB Kansas Investors, LLC	30-JUL-2010	Membership Interest-Eldridge Investors			Indirect Interest	
0000740583-16-000460	soleProprietorship	16	Robert Patton	30-JUL-2010	Member SB Kansas Investors			Indirect Interest	
0000740583-16-000460	soleProprietorship	17	Paula K. Dell	05-JUN-2012	Vice President			Officer	
0000740583-16-000460	soleProprietorship	18	Claudine Sirgant	15-MAR-2013	Vice President			Officer	
0000740583-16-000460	soleProprietorship	19	se2 Holdings, Inc.	21-OCT-2013	Sole Member in se2, LLC			Member	
0000740583-16-000460	soleProprietorship	20	se2 Holdco, LLC	21-OCT-2013	Shareholder se2 Holdings, Inc.			Indirect Interest	
0000740583-16-000460	soleProprietorship	21	Barry G. Ward	22-NOV-2013	Sr. Vice President  & Treasurer			Officer	
0000740583-16-000460	soleProprietorship	22	Greg L. Herrs	22-NOV-2013	Vice President			Officer	
0000740583-16-000460	soleProprietorship	24	NTT DATA, Inc.	26-NOV-2014	Shareholder of se2 Holdings, Inc.			Indirect Interest	
0001380486-16-000025	corporationPartnership	1	Gerber, William Joseph	01-APR-2006	Chief Financial Officer/FINOP/Director	NA	true		01-OCT-2015
0001380486-16-000025	corporationPartnership	2	Yates, William Thomas	04-APR-2006	VP & Mng Dir, Brok. Ops Finance	NA	true		
0001380486-16-000025	corporationPartnership	3	TD Ameritrade Online Holding Corp	01-APR-2006	owner	E	false		
0001380486-16-000025	corporationPartnership	4	Campanella, Janice	27-AUG-2007	Secretary	NA	true		
0001380486-16-000025	corporationPartnership	9	Walter M March	01-APR-2016	MD, CCO - TDAC and Technology	NA	true		
0001380486-16-000025	corporationPartnership	6	RICKETTS, JUDITH K	31-JAN-2015	President, Director	NA	true		
0001380486-16-000025	corporationPartnership	7	Cassidy, Karen	01-MAR-2015	Treasurer	NA	true		
0001380486-16-000025	corporationPartnership	8	Boyle, Stephen J	01-OCT-2015	Chief Financial Officer/FINOP/Director	NA	true		
0001380486-16-000025	corporationPartnership	5	Kimm, David	01-JAN-2010	Chief Risk Officer	NA	true		
0001630490-16-000009	soleProprietorship	1	FIS Investment Ventures LLC	23-DEC-2014	Sole Stock Holder			Sole Stock Holder	
0001169743-16-000030	corporationPartnership	5	Troy Joosten	07-AUG-2015	Senior VP	NA	true		05-AUG-2016
0001169743-16-000030	corporationPartnership	4	Tony Fischer	30-JUN-2014	Director, Executive VP and Treasurer	NA	true		
0001169743-16-000030	corporationPartnership	3	UMB Fund Services, Inc.	07-MAY-2009	Shareholder	E	true		
0001169743-16-000030	corporationPartnership	2	Michael Hagedorn	07-MAY-2009	Director	NA	true		
0001169743-16-000030	corporationPartnership	1	Connie Shannon	07-MAY-2009	Secretary	NA	false		
0001169743-16-000030	corporationPartnership	6	Jill Calton	07-AUG-2015	Senior VP	NA	true		
0000817712-16-000020	corporationPartnership	8	Karen L. Larson	08-DEC-2010	Director	NA	true		08-JUN-2015
0000817712-16-000020	corporationPartnership	9	Kathleen M. Koelling	27-JUN-2011	Privacy & Anti-Money Laundering Officer	NA	true		
0000817712-16-000020	corporationPartnership	10	Michael W. Kremenak	05-JUN-2013	Assistant Secretary	NA	false		
0000817712-16-000020	corporationPartnership	11	Bruce J. Kornaus	16-JUN-2014	Director	NA	true		08-JUN-2015
0000817712-16-000020	corporationPartnership	12	Kathryn A. Stelter	16-JUN-2014	Director; VP & Chief Operations Officer	NA	true		
0000817712-16-000020	corporationPartnership	13	Carolyn A. Tuohy	01-NOV-2014	General Counsel and Secretary	NA	true		
0000817712-16-000020	corporationPartnership	14	Jody A. Rose	01-NOV-2014	Assistant Secretary	NA	false		
0000817712-16-000020	corporationPartnership	15	David S. Royal	12-DEC-2014	Director and President	NA	true		
0000817712-16-000020	corporationPartnership	16	Edward S. Dryden	20-MAR-2015	Chief Compliance Officer	NA	true		
0000817712-16-000020	corporationPartnership	17	Gerard V. Vaillancourt	01-JAN-2015	Chief Financial Officer	NA	true		
0000817712-16-000020	corporationPartnership	18	Jason D. Sterling	02-JUN-2015	Assistant Operations Officer	NA	true		
0000817712-16-000020	corporationPartnership	19	Shannon M. Delise	02-JUN-2015	Assistant Operations Manager	NA	true		
0000817712-16-000020	corporationPartnership	20	Ryan F. Conroy	20-JUN-2016	Assistant Operations Manager	NA	true		
0000817712-16-000020	corporationPartnership	7	Thrivent Financial Holdings, Inc.	01-JAN-2002	Parent company	E	true		
0000817712-16-000020	corporationPartnership	6	Rebecca A. Paulzine	21-JUN-2010	General Counsel and Secretary	NA	true		22-AUG-2014
0000817712-16-000020	corporationPartnership	5	Cynthia J. Nigbur	01-OCT-2002	Assistant Secretary	NA	false		
0000817712-16-000020	corporationPartnership	4	Kurt S. Tureson	01-JUN-2004	Treasurer	NA	true		01-JAN-2015
0000817712-16-000020	corporationPartnership	3	Jody L. Bancroft	31-MAR-2009	Director of Investment Field Operations	NA	true		01-OCT-2014
0000817712-16-000020	corporationPartnership	1	Russell W. Swansen	05-DEC-2008	Director	NA	true		
0000817712-16-000020	corporationPartnership	2	Randall L. Boushek	05-DEC-2008	Director	NA	true		12-DEC-2014
0000735286-16-000022	corporationPartnership	18	James M. Norris	26-MAR-2009	Managing Director	NA	true		
0000735286-16-000022	corporationPartnership	17	Glenn W. Reed	21-MAY-2008	Managing Director	NA	true		
0000735286-16-000022	corporationPartnership	20	Chris D. McIssac	07-JAN-2012	Managing Director	NA	true		
0000735286-16-000022	corporationPartnership	21	John T. Marcante	21-MAR-2013	Managing Director	NA	true		
0000735286-16-000022	corporationPartnership	22	Pauline C. Scalvino	31-MAR-2006	Chief Compliance Officer	NA	true		14-APR-2014
0000735286-16-000022	corporationPartnership	23	Heidi Stam	31-JUL-2005	General Counsel	NA	true		
0000735286-16-000022	corporationPartnership	24	Natalie Bej	14-APR-2014	Chief Compliance Officer	NA	true		
0000735286-16-000022	corporationPartnership	25	Karin A. Risi	28-MAY-2015	Managing Director	NA	true		
0000735286-16-000022	corporationPartnership	26	Thomas M. Rampulla	28-MAY-2015	Managing Director	NA	true		
0000735286-16-000022	corporationPartnership	1	Rajiv L. Gupta	31-DEC-2001	Director	NA	true		
0000735286-16-000022	corporationPartnership	2	Amy Gutmann	30-JUN-2006	Director	NA	true		
0000735286-16-000022	corporationPartnership	3	JoAnn Heffernan Heisen	30-JUL-1998	Director	NA	true		
0000735286-16-000022	corporationPartnership	4	Andre F. Perold	31-DEC-2004	Director	NA	true		
0000735286-16-000022	corporationPartnership	5	Emerson U. Fullwood	01-JAN-2008	Director	NA	true		
0000735286-16-000022	corporationPartnership	6	F. Joseph Loughrey	01-OCT-2009	Director	NA	true		
0000735286-16-000022	corporationPartnership	7	Michael Rollings	06-JUN-2016	Managing Director	NA	true		
0000735286-16-000022	corporationPartnership	8	Mark Loughridge	22-MAR-2012	Director	NA	true		
0000735286-16-000022	corporationPartnership	9	Scott C. Malpass	22-MAR-2012	Director	NA	true		
0000735286-16-000022	corporationPartnership	10	Peter F. Volanakis	01-DEC-2008	Director	NA	true		
0000735286-16-000022	corporationPartnership	11	Alfred M. Rankin, Jr.	31-DEC-1992	Director	NA	true		31-DEC-2014
0000735286-16-000022	corporationPartnership	12	Mortimer J. Buckley	31-JAN-2003	Managing Director	NA	true		
0000735286-16-000022	corporationPartnership	13	Kathleen C. Gubanich	31-AUG-1997	Managing Director	NA	true		
0000735286-16-000022	corporationPartnership	14	F. William McNabb, III	31-AUG-2008	Chief Executive Officer, Board Chairman	NA	true		
0000735286-16-000022	corporationPartnership	15	Michael S. Miller	31-AUG-1997	Managing Director	NA	true		17-JUL-2015
0000735286-16-000022	corporationPartnership	16	Paul A. Heller	17-MAY-2007	Managing Director	NA	true		31-DEC-2015
0000735286-16-000022	corporationPartnership	19	Martha G. King	07-JAN-2012	Managing Director	NA	true		
0000721748-16-001623	corporationPartnership	5	Edward Tolchin	15-FEB-2014	Directore of PSG, Ltd.	NA	false		02-JUN-2016
0000721748-16-001623	corporationPartnership	4	Pacific Services Group, Ltd.	28-JAN-2014	Owner/Parent	E	true		
0000721748-16-001623	corporationPartnership	3	Jacqueline Ann Bogle Meuse	09-NOV-2011	Director PSG Ltd, TTEE, PSG Voting Trust	NA	true		
0000721748-16-001623	corporationPartnership	2	Matthew J Smith	07-AUG-2012	Associate General Counsel, Secretary	NA	false		13-MAY-2016
0000721748-16-001623	corporationPartnership	8	Thomas W. Pritchard	07-JUN-2016	CEO, Director Pacific Stock Transfer	NA	true		
0000721748-16-001623	corporationPartnership	9	John H. Craddock	01-JUN-2016	Director PSG, Ltd	NA	true		23-AUG-2016
0000721748-16-001623	corporationPartnership	6	Mark Allen	12-AUG-2014	Director of PSG, Ltd.	NA	false		01-JUN-2016
0000721748-16-001623	corporationPartnership	10	Jessica K. Burleson	01-JUN-2016	Director PSG, Ltd	NA	true		
0000721748-16-001623	corporationPartnership	7	Patricia Stephan	26-NOV-2014	Director of Finance	NA	true		
0000721748-16-001623	corporationPartnership	1	Christan J Dobbins	29-MAY-2009	President, GC	NA	true		09-AUG-2016
0000721748-16-001622	corporationPartnership	10	Jessica K. Burleson	01-JUN-2016	Director PSG, Ltd	NA	true		
0000721748-16-001622	corporationPartnership	9	John H. Craddock	01-JUN-2016	Director PSG, Ltd	NA	true		23-AUG-2016
0000721748-16-001622	corporationPartnership	7	Patricia Stephan	26-NOV-2014	Director of Finance	NA	true		
0000721748-16-001622	corporationPartnership	6	Mark Allen	12-AUG-2014	Director of PSG, Ltd.	NA	false		01-JUN-2016
0000721748-16-001622	corporationPartnership	5	Edward Tolchin	15-FEB-2014	Director of PSG, Ltd.	NA	false		02-JUN-2016
0000721748-16-001622	corporationPartnership	4	Pacific Services Group, Ltd.	28-JAN-2014	Owner/Parent	E	true		
0000721748-16-001622	corporationPartnership	3	Jacqueline Ann Bogle Meuse	09-NOV-2011	Director PSG Ltd, TTEE, PSG Voting Trust	NA	true		
0000721748-16-001622	corporationPartnership	2	Matthew J Smith	07-AUG-2012	Associate General Counsel, Secretary	NA	false		13-MAY-2016
0000721748-16-001622	corporationPartnership	1	Christan J Dobbins	29-MAY-2009	President, GC	NA	true		09-AUG-2016
0000721748-16-001622	corporationPartnership	8	Thomas W. Pritchard	07-JUN-2016	CEO, Director Pacific Stock Transfer	NA	true		
0001654954-16-001860	corporationPartnership	1	BizToolz Network Inc.	15-DEC-2012	Parent Company	E	false		
0001213900-16-016435	soleProprietorship	3	Bruce Dyer	25-JUL-2016	VP Customer Service			No ownership	
0001213900-16-016435	soleProprietorship	2	Jon Jiles	25-JUL-2016	Chairman			27% owner	
0001213900-16-016435	soleProprietorship	1	Scott Purcell	25-JUL-2016	President			59% owner	
0001288763-16-000011	corporationPartnership	1	Stuart Swartz	18-NOV-2008	CEO, President, Director	NA	true		
0001288763-16-000011	corporationPartnership	19	Margot Jordan	18-NOV-2008	Senior Vice President	NA	false		30-SEP-2014
0001288763-16-000011	corporationPartnership	18	Wayne Noel Newling	10-MAY-2006	CEO, President and Director	NA	false		30-SEP-2014
0001288763-16-000011	corporationPartnership	17	Carl Teasdale	12-NOV-2014	Head of Vendor Management	NA	true		
0001288763-16-000011	corporationPartnership	16	Carlos Leira	11-NOV-2015	Chief Information Officer - NA	NA	true		
0001288763-16-000011	corporationPartnership	15	Mark Jacobs	01-FEB-2015	Senior Vice President	NA	true		
0001288763-16-000011	corporationPartnership	14	Computershare Limited	10-DEC-2002	Parent Company (Indirect)	E	true		
0001288763-16-000011	corporationPartnership	13	ACN 081 035 752 Pty. Ltd.	27-FEB-2004	Parent Company (Indirect)	E	true		
0001288763-16-000011	corporationPartnership	12	Computershare Canada Inc.	10-DEC-2002	Parent Company	E	true		
0001288763-16-000011	corporationPartnership	11	Richard Barber	20-JUL-2015	Senior Vice President	NA	true		
0001288763-16-000011	corporationPartnership	10	Claude Baksh	25-MAY-2015	CCO, CRO	NA	true		
0001288763-16-000011	corporationPartnership	9	Irvin Steltz	12-NOV-2014	CIO - North America	NA	true		11-NOV-2015
0001288763-16-000011	corporationPartnership	8	Mark McDougall	01-JUL-2014	Chief Information Officer	NA	false		11-NOV-2015
0001288763-16-000011	corporationPartnership	7	David Nugent	18-NOV-2008	Senior Vice President	NA	true		
0001288763-16-000011	corporationPartnership	6	Jason Murray	01-JUL-2010	Senior Vice President	NA	true		24-FEB-2016
0001288763-16-000011	corporationPartnership	5	Dennis Massicotte	18-NOV-2008	Senior Vice President	NA	true		
0001288763-16-000011	corporationPartnership	4	Antonietta De Luca	01-OCT-2014	Senior Vice President	NA	true		
0001288763-16-000011	corporationPartnership	3	Matthew John Cox	23-JUL-2008	SVP, Chief Financial Officer	NA	true		
0001288763-16-000011	corporationPartnership	2	Lindsay Ann Horwood	06-DEC-2002	SVP, GC, Secretary, Director	NA	true		
0001288763-16-000011	corporationPartnership	20	Diane Medeiros	24-FEB-2016	Senior Vice President	NA	true		
0001288777-16-000014	corporationPartnership	12	Jason Murray	01-JUL-2010	Senior Vice President	NA	true		24-FEB-2016
0001288777-16-000014	corporationPartnership	24	Bryan Boyd	24-MAY-2016	Director	NA	true		
0001288777-16-000014	corporationPartnership	14	Mark McDougall	01-JUL-2014	Chief Information Officer	NA	true		11-NOV-2015
0001288777-16-000014	corporationPartnership	15	Irvin Steltz	12-NOV-2014	CIO - North America	NA	true		11-NOV-2015
0001288777-16-000014	corporationPartnership	11	Dennis Massicotte	18-NOV-2008	Senior Vice President	NA	true		
0001288777-16-000014	corporationPartnership	10	Mark Jacobs	18-NOV-2008	Senior Vice President	NA	true		
0001288777-16-000014	corporationPartnership	9	Antonietta De Luca	01-OCT-2014	Senior Vice President	NA	true		
0001288777-16-000014	corporationPartnership	8	Matthew John Cox	23-JUL-2008	SVP, Chief Financial Officer	NA	true		
0001288777-16-000014	corporationPartnership	7	Lindsay Ann Horwood	20-NOV-2000	SVP, GC, Secretary, Director	NA	true		
0001288777-16-000014	corporationPartnership	6	Stuart Swartz	18-NOV-2008	CEO, President, Director	NA	true		
0001288777-16-000014	corporationPartnership	5	Edward (Ted) P. Nash	01-FEB-2015	Director	NA	true		
0001288777-16-000014	corporationPartnership	4	Brian Mitchell Pukier	29-FEB-2000	Director	NA	true		
0001288777-16-000014	corporationPartnership	3	Eric Laflamme	01-APR-2013	Director	NA	true		
0001288777-16-000014	corporationPartnership	2	Mary (Lib) Elizabeth Gibson	01-OCT-2013	Director	NA	true		24-MAY-2016
0001288777-16-000014	corporationPartnership	1	William James Braithwaite	03-MAR-2000	Chairman of the Board	NA	true		
0001288777-16-000014	corporationPartnership	23	Diane Medeiros	24-FEB-2016	Senior Vice President	NA	true		
0001288777-16-000014	corporationPartnership	22	Carl Teasdale	12-NOV-2014	Head of Vendor Management	NA	true		
0001288777-16-000014	corporationPartnership	21	Carlos Leira	11-NOV-2015	Chief Information Officer - NA	NA	true		
0001288777-16-000014	corporationPartnership	20	Computershare Limited	09-JAN-2001	Parent Company (Indirect)	E	true		
0001288777-16-000014	corporationPartnership	19	ACN 081 035 752 Pty. Ltd.	27-FEB-2004	Parent Company (Indirect)	E	true		
0001288777-16-000014	corporationPartnership	18	Computershare Canada Inc.	31-DEC-2002	Parent Company	E	true		
0001288777-16-000014	corporationPartnership	17	Richard Barber	20-JUL-2015	Senior Vice President	NA	true		
0001288777-16-000014	corporationPartnership	16	Claude Baksh	25-MAY-2015	CCO, CRO	NA	true		
0001288777-16-000014	corporationPartnership	13	David Nugent	18-NOV-2008	Senior Vice President	NA	true		
0001202048-16-000031	corporationPartnership	4	Mark McGuire	01-FEB-2014	Senior Vice President	NA	false		31-DEC-2015
0001202048-16-000031	corporationPartnership	1	Brenda Simmons	09-MAR-2010	Director and President	NA	false		14-MAR-2016
0001202048-16-000031	corporationPartnership	2	Mark Matthes	16-MAR-2012	Vice President	NA	false		
0001202048-16-000031	corporationPartnership	3	Julie Cotton Hearne	06-MAR-2014	Secretary	NA	false		
0001202048-16-000031	corporationPartnership	9	Eric S. Levy	29-JUN-2016	Director and Senior Vice President	NA	true		
0001202048-16-000031	corporationPartnership	6	Glenn R. Harris	15-JAN-2015	Director	NA	true		
0001202048-16-000031	corporationPartnership	7	Kara Renee Boling	28-JUN-2016	Director and President	NA	true		
0001202048-16-000031	corporationPartnership	8	Justin J.W. Caulfield	28-JUN-2016	Vice President and Treasurer	NA	true		
0001202048-16-000031	corporationPartnership	5	Gloria A. Beissinger	15-JAN-2015	Vice President and Treasurer	NA	false		27-JUN-2016
0001018490-16-000042	corporationPartnership	8	Alec Gurdeep Singh	05-AUG-2008	Director and President	NA	true		
0001018490-16-000042	corporationPartnership	7	Deutsche Bank AG	04-JUN-1999	Owner of 100% of DB USA Corporation	E	false		
0001018490-16-000042	corporationPartnership	6	DB USA Corporation	04-JUN-1999	Owner of 100% of DBTC	E	false		01-FEB-2012
0001018490-16-000042	corporationPartnership	5	Deutsche Bank Trust Corporation ('DBTC')	31-MAR-1990	Owner of 100% of DBHold	E	false		
0001018490-16-000042	corporationPartnership	9	Deutsche Bank AG	01-FEB-2012	Owner of 100% of DBTC	E	false		
0001018490-16-000042	corporationPartnership	3	Scott Allan Muirhead	05-FEB-2003	Director and President	NA	true		25-JUL-2008
0001018490-16-000042	corporationPartnership	2	Michael Seamus Moran	31-AUG-2004	Director	NA	true		31-JUL-2009
0001018490-16-000042	corporationPartnership	1	Foy Benton Hester	01-JUL-1999	Director	NA	true		31-MAR-2015
0001018490-16-000042	corporationPartnership	4	Deutsche Bank Holdings, Inc. ('DBHold')	12-DEC-1991	Owner of 100% of Registrant	E	false		
0000842657-16-000047	corporationPartnership	5	Fred Ill	13-MAR-2007	Vice President	NA	true		28-FEB-2015
0000842657-16-000047	corporationPartnership	6	Caroline Pearson	22-JUN-2010	Secretary	NA	true		
0000842657-16-000047	corporationPartnership	7	Anjie Larocca	11-JUL-2006	Assistant Secretary	NA	true		
0000842657-16-000047	corporationPartnership	8	Deutsche Investment Management Americas Inc. (DIMA)	06-FEB-1998	100% owner of Registrant	E	true		
0000842657-16-000047	corporationPartnership	9	Deutsche Bank AG	01-APR-2002	100% owner of DB USA Corporation	E	true		
0000842657-16-000047	corporationPartnership	4	Nancy Tanzil	13-MAY-2014	Chief Financial Officer and Treasurer	NA	true		
0000842657-16-000047	corporationPartnership	3	Michael Sharkey	08-AUG-2014	Director	NA	true		
0000842657-16-000047	corporationPartnership	2	Kristine Lyons	22-SEP-2005	Director	NA	true		
0000842657-16-000047	corporationPartnership	1	John Dorogoff	01-MAY-2014	Director and President	NA	true		24-MAY-2016
0000842657-16-000047	corporationPartnership	15	Brian Binder	25-MAY-2016	Director and President	NA	true		
0000842657-16-000047	corporationPartnership	14	Michael Sharkey	13-MAR-2007	Vice President	NA	true		07-AUG-2014
0000842657-16-000047	corporationPartnership	13	Leah Mizer	10-OCT-2006	Director	NA	true		08-AUG-2014
0000842657-16-000047	corporationPartnership	12	Barbara Wizer	05-JAN-2005	Director and President	NA	true		01-MAY-2014
0000842657-16-000047	corporationPartnership	10	DB USA Corporation	01-APR-2002	100% owner of DB Americas Holding Corp.	E	true		
0000842657-16-000047	corporationPartnership	11	Deutsche Bank Americas Holding Corporation (DBAHC)	01-APR-2001	100% owner of DIMA	E	true		
0001410578-16-000888	corporationPartnership	1	Broadridge Financial Solutions, Inc.	08-MAR-2010	Owner	E	true		
0001410578-16-000888	corporationPartnership	2	Adam D. Amsterdam	08-MAR-2010	Director and President	NA	true		
0001410578-16-000888	corporationPartnership	6	James O Regan	19-MAR-2012	Head of Operations	NA	true		01-JUL-2016
0001410578-16-000888	corporationPartnership	4	James Young	28-JUL-2014	Director, Vice President and CFO	NA	true		
0001410578-16-000888	corporationPartnership	5	Peter Breen	18-JUL-2011	General Manager	NA	true		
0001410578-16-000888	corporationPartnership	3	Steven Rosenthal	28-SEP-2012	Director and Treasurer	NA	true		
0000950123-16-019698	corporationPartnership	1	Philip J. Sanders	01-AUG-2016	Director	NA	true		
0000950123-16-019698	corporationPartnership	2	Brent Kyle Bloss	01-FEB-2004	Director, Senior VP, Treasurer	NA	true		
0000950123-16-019698	corporationPartnership	3	Wendy Jacqueline Hills	01-FEB-2004	General Counsel	NA	false		
0000950123-16-019698	corporationPartnership	4	James D. Hughes	18-FEB-2015	Secretary	NA	true		
0000950123-16-019698	corporationPartnership	9	Waddell & Reed Financial, Inc.	01-JUL-1987	Beneficial Owner	E	true		
0000950123-16-019698	corporationPartnership	6	Derek D. Burke	15-MAY-2015	Chm. of the Board, President, Director	NA	true		
0000950123-16-019698	corporationPartnership	7	Waddell & Reed, Inc.	01-DEC-1981	Direct Owner	E	true		
0000950123-16-019698	corporationPartnership	8	Waddell & Reed Financial Services, Inc.	01-MAY-1993	Beneficial Owner	E	true		
0000950123-16-019698	corporationPartnership	5	Richard Stanley Starks II	01-JAN-1997	Senior Vice President, Director	NA	true		
0001573302-16-000016	corporationPartnership	1	TMX Group Inc.	08-FEB-2013	Parent Company (Direct)	E	true		
0001573302-16-000016	corporationPartnership	2	TMX Group Limited	08-FEB-2013	Parent Company (Indirect, Public Company	E	true		
0001573302-16-000016	corporationPartnership	3	Michael Steven Ptasznik	08-FEB-2013	Director	NA	true		10-JUN-2016
0001573302-16-000016	corporationPartnership	4	Elias Anastasopoulos	08-AUG-2013	CEO and Director	NA	true		
0001573302-16-000016	corporationPartnership	5	Ungad Paul Singh Chadda	22-DEC-2015	Director	NA	true		
0001573302-16-000016	corporationPartnership	11	Jean Robert Desgagne	02-AUG-2016	Director	NA	true		
0001573302-16-000016	corporationPartnership	7	William Warwick Linton	22-DEC-2015	Director and Chair	NA	true		
0001573302-16-000016	corporationPartnership	8	Wayne Steven Morgan Ralph	22-DEC-2015	Director	NA	true		
0001573302-16-000016	corporationPartnership	9	Paul Walter Rawlinson	22-DEC-2015	Director	NA	true		
0001573302-16-000016	corporationPartnership	10	Nicholas Thadaney	22-DEC-2015	Director	NA	true		
0001573302-16-000016	corporationPartnership	6	Denise Chicoyne	22-DEC-2015	Director	NA	true		
0000883757-16-000021	corporationPartnership	1	Bradley Robert Kipp	10-JUN-2008	Director	NA	true		
0000883757-16-000021	corporationPartnership	2	Josh Reusing	01-JAN-2009	Chief Financial Officer	NA	true		
0000883757-16-000021	corporationPartnership	3	Michael Rhoderick Jones	26-FEB-2014	Director, President & CEO	NA	true		
0000883757-16-000021	corporationPartnership	4	Stephen John Griggs	26-FEB-2014	Director	NA	true		
0000883757-16-000021	corporationPartnership	5	Frederic David Rounthwaite	26-FEB-2014	Director	NA	true		
0000883757-16-000021	corporationPartnership	6	Michele Daphne Mary McCarthy	26-FEB-2014	Director	NA	true		
0000883757-16-000021	corporationPartnership	7	Brendan Calder	28-MAY-2014	Director	NA	true		
0000883757-16-000021	corporationPartnership	8	Martin Ouellet	28-MAY-2014	Director	NA	true		
0000883757-16-000021	corporationPartnership	9	Calvin Alexander Younger	28-MAY-2014	Director	NA	true		
0000883757-16-000021	corporationPartnership	10	Yousry Dissada	12-AUG-2014	Director	NA	true		
0000883757-16-000021	corporationPartnership	11	William Gerard Mulvihill	12-AUG-2014	Director	NA	true		
0000883757-16-000021	corporationPartnership	12	Peter Michael Paul Friedmann	08-MAY-2015	Director	NA	true		
0000883757-16-000021	corporationPartnership	13	Stephen Howard Ellis	21-MAR-2016	Chief Compliance Officer	NA	true		
0000883757-16-000021	corporationPartnership	14	Paul Edward Bowers	10-FEB-2014	Chief Risk Officer	NA	true		
0001253179-16-000015	soleProprietorship	21	TA XI NS AIV, L.P.	30-APR-2015	indirect owner			majority owner of Topco	
0001253179-16-000015	soleProprietorship	22	TA Associates XI GP, L.P. ('TA XI GP')	30-APR-2015	indirect owner			general partner of TA XI NS AIV, L.P.	
0001253179-16-000015	soleProprietorship	19	NorthStar Financial Services Group, LLC ('NFSG')	10-APR-2003	Holding company of registrant			Sole member of registrant	
0001253179-16-000015	soleProprietorship	18	Estate of W. Patrick Clarke	10-NOV-2012	indirect owner			indirect owner > 5% nonvoting securities	30-APR-2015
0001253179-16-000015	soleProprietorship	17	Clarke Family 2011 Trust	02-NOV-2012	indirect owner			indirect owner > 5% nonvoting securities	30-APR-2015
0001253179-16-000015	soleProprietorship	16	Newton Partners, L.P.	01-JUN-2011	indirect owner			indirect owner > 5% nonvoting securities	30-APR-2015
0001253179-16-000015	soleProprietorship	15	Lana Clarke	10-NOV-2012	indirect owner			indirect owner 5% voting securities	30-APR-2015
0001253179-16-000015	soleProprietorship	14	Jennie Nielsen	10-NOV-2012	indirect owner			indirect owner > 5% voting securities	30-APR-2015
0001253179-16-000015	soleProprietorship	13	Eric Clarke	10-NOV-2012	indirect owner			indirect owner > 5% voting securities	30-APR-2015
0001253179-16-000015	soleProprietorship	12	Todd Clarke	10-NOV-2012	indirect owner			indirect owner > 5% voting securities	30-APR-2015
0001253179-16-000015	soleProprietorship	11	Mike Miola	10-APR-2003	Manager/indirect owner			Co-manager of holding company	30-APR-2015
0001253179-16-000015	soleProprietorship	10	W. Patrick Clarke	10-APR-2003	Manager/indirect owner			Co-manager of holding company	10-NOV-2012
0001253179-16-000015	soleProprietorship	9	Brian Nielsen	10-APR-2003	Secretary			legal oversight of registrant	
0001253179-16-000015	soleProprietorship	8	Daniel Applegarth	24-OCT-2006	Treasurer			financial oversight of registrant	
0001253179-16-000015	soleProprietorship	7	Bill Strait	08-OCT-2012	General Counsel			legal oversight of registrant	
0001253179-16-000015	soleProprietorship	6	Kristin McCann	01-JUN-2012	Chief Compliance Officer			compliance oversight of registrant	
0001253179-16-000015	soleProprietorship	5	Andrew Rogers	01-MAR-2006	Chief Executive Officer			directs affairs of registrant	
0001253179-16-000015	soleProprietorship	4	Kevin Wolf	01-MAY-2012	President			directs affairs of registrant	
0001253179-16-000015	soleProprietorship	3	Kara Baird	01-MAY-2012	Senior Vice President			daily management of registrant	
0001253179-16-000015	soleProprietorship	2	Larie Lydick	10-APR-2003	Senior Vice President			daily management of registrant	30-APR-2012
0001253179-16-000015	soleProprietorship	1	Emile Molineaux	01-FEB-2005	Secretary/General Counsel			legal oversight of registrant	01-JUN-2012
0001253179-16-000015	soleProprietorship	23	TA Associates, L.P.	30-APR-2015	indirect owner			general partner of TA XI GP	
0001253179-16-000015	soleProprietorship	20	NorthStar Topco, LLC ('Topco')	30-APR-2015	indirect owner			sole member of NFSG	
0001007444-16-000061	soleProprietorship	25	Derek Bruton	01-MAR-2010	Managing Director			National Sales	04-APR-2014
0001007444-16-000061	soleProprietorship	26	Becky Shulman	06-JUN-2011	Managing Director			Deputy CFO	21-NOV-2011
0001007444-16-000061	soleProprietorship	31	Matthew Jon Audette	28-SEP-2015	Chief Financial Officer			Chief Financial Officer	
0001007444-16-000061	soleProprietorship	27	Mary Frances Schott	01-JUN-2014	Managing Director			Client Experience and Training	29-MAR-2016
0001007444-16-000061	soleProprietorship	28	Ryan Christopher Parker	01-JUN-2014	Managing Director			Investment and Planning Solutions	03-JUN-2016
0001007444-16-000061	soleProprietorship	29	Thomas Dominic Lux	16-MAR-2015	Executive Vice President			Chief Financial Officer	28-SEP-2015
0001007444-16-000061	soleProprietorship	30	Thomas Andrew Gooley	10-JUL-2015	Managing Director			Service, Trading and Operations	
0001007444-16-000061	soleProprietorship	32	Suzanne Elizabeth Auletta	18-SEP-2015	Executive Vice President			Chief Compliance Officer, Brokerage	
0001007444-16-000061	soleProprietorship	33	Tracy Ellen Calder	25-JAN-2016	Managing Director			Deputy Chief Risk Officer	
0001007444-16-000061	soleProprietorship	24	Abdiel Alan Valenzuela	21-MAY-2009	VP - Advisory			Chief Compliance Officer, Advisory	01-MAY-2011
0001007444-16-000061	soleProprietorship	23	John J. McDermott Jr.	27-JUL-2009	Managing Director			Chief Risk Officer	13-SEP-2013
0001007444-16-000061	soleProprietorship	22	Kathy VanNoy-Pineda	21-MAY-2009	EVP			Chief Compliance Officer, Brokerage	01-JAN-2014
0001007444-16-000061	soleProprietorship	21	Christopher F. Feeney	28-JAN-2008	Managing Director			Chief Information Officer	31-DEC-2012
0001007444-16-000061	soleProprietorship	20	Jonathan Eaton	01-JAN-2008	Managing Director			Retirement Planning	30-JUN-2012
0001007444-16-000061	soleProprietorship	19	Denise Abood	01-JAN-2008	Managing Director			Human Capital	30-JUN-2012
0001007444-16-000061	soleProprietorship	18	William Edward Dwyer III	01-JAN-2004	Managing Director			National Sales	01-MAR-2013
0001007444-16-000061	soleProprietorship	17	Esther Marion Stearns	01-MAR-2007	Chief Operating Officer			President	01-MAY-2012
0001007444-16-000061	soleProprietorship	16	Stephanie Leigh Brown	01-MAR-2004	Managing Director			General Counsel	19-AUG-2013
0001007444-16-000061	soleProprietorship	15	William P. Morrissey, Jr.	01-APR-2014	Managing Director & Divisional President			Independent Advisor Services	
0001007444-16-000061	soleProprietorship	14	Mark Stephen Casady	01-DEC-2005	Chairman of the Board and CEO			Chief Executive Officer	
0001007444-16-000061	soleProprietorship	13	Victor Peter Fetter, III	01-DEC-2012	Managing Director			Chief Information Officer	
0001007444-16-000061	soleProprietorship	12	Sallie Rebecca Larsen	01-MAY-2012	Managing Director			Chief Human Capital Officer	
0001007444-16-000061	soleProprietorship	11	Joan Dominy Khoury	01-MAY-2012	Managing Director			Chief Marketing Officer	01-JUN-2014
0001007444-16-000061	soleProprietorship	10	John Andrew Kalbaugh	01-MAR-2010	Managing Director & Divisional President			Institution Services	
0001007444-16-000061	soleProprietorship	9	Paul Middlemiss	01-MAY-2011	Executive Vice President			Chief Compliance Officer, Advisory	
0001007444-16-000061	soleProprietorship	8	Michelle Oroschakoff	01-SEP-2013	Managing Director			Chief Risk Officer	
0001007444-16-000061	soleProprietorship	7	David Paul Bergers	01-AUG-2013	Managing Director			Legal and Government Relations	
0001007444-16-000061	soleProprietorship	6	Dan Hogan Arnold, Jr.	01-MAY-2012	President			President	
0001007444-16-000061	soleProprietorship	5	George Burton White	01-NOV-2007	Managing Director			Chief Investment Officer	
0001007444-16-000061	soleProprietorship	4	Sharyn J. Handelsman	01-JAN-2014	Managing Director			Chief Compliance Officer, Brokerage	12-JUN-2015
0001007444-16-000061	soleProprietorship	3	Robert Joseph Moore	01-MAY-2012	President and Director			Advisor & Institution Solutions	16-MAR-2015
0001007444-16-000061	soleProprietorship	2	Mark Robert Helliker	01-AUG-2008	Managing Director			Client Support Services	01-AUG-2015
0001007444-16-000061	soleProprietorship	1	LPL Holdings, Inc.	01-APR-1989	Managing Member			Parent Company	
0001679055-16-000004	soleProprietorship	1	JESSE BOOKHEIM	09-MAY-2016	MANAGING MEMBER/CHIEF COMPLIANCE OFFICER			FINANCIAL ADVISER AND TRANSFER AGENT	
0001413398-16-000019	corporationPartnership	18	James Garrett	01-DEC-2006	Managing Director, Director	NA	true		07-MAY-2010
0001413398-16-000019	corporationPartnership	17	Mary Ann Fappiano	23-JAN-2006	Managing Director, Assistant Treasurer	NA	true		01-OCT-2008
0001413398-16-000019	corporationPartnership	20	Francis Smith	15-DEC-2005	Executive Director, Assistant Treasurer	NA	true		
0001413398-16-000019	corporationPartnership	21	Norman Jones	15-DEC-2005	Executive Director	NA	true		28-DEC-2012
0001413398-16-000019	corporationPartnership	22	Eric Marmoll	01-DEC-2006	Executive Director	NA	true		28-FEB-2011
0001413398-16-000019	corporationPartnership	23	Bruce Sandberg	04-NOV-2003	Executive Director	NA	true		02-FEB-2012
0001413398-16-000019	corporationPartnership	24	Martha Slezak	15-DEC-2005	Vice President, Assistant Treasurer	NA	true		27-MAR-2009
0001413398-16-000019	corporationPartnership	25	Stuart Smith	15-DEC-2005	Vice President, Assistant Treasurer	NA	true		19-JAN-2012
0001413398-16-000019	corporationPartnership	26	Mark Patten	16-JUN-2009	Managing Director, Treasurer	NA	true		06-AUG-2010
0001413398-16-000019	corporationPartnership	34	Albert Miller	06-AUG-2010	Vice President	NA	true		07-MAR-2013
0001413398-16-000019	corporationPartnership	27	Arthur Lev	06-AUG-2010	Managing Director	NA	true		16-APR-2015
0001413398-16-000019	corporationPartnership	28	Paul Julius	06-AUG-2010	Managing Director, CFO, Treasurer	NA	true		28-NOV-2011
0001413398-16-000019	corporationPartnership	29	Sara Furber	06-AUG-2010	Managing Director	NA	true		08-JUN-2011
0001413398-16-000019	corporationPartnership	30	Edmond Moriarty	06-AUG-2010	Managing Director	NA	true		07-MAR-2013
0001413398-16-000019	corporationPartnership	31	Bob Murphy	06-AUG-2010	Executive Director	NA	true		30-SEP-2014
0001413398-16-000019	corporationPartnership	32	Lonnie Bae	06-AUG-2010	Vice President	NA	true		
0001413398-16-000019	corporationPartnership	33	Susan Forman	06-AUG-2010	Vice President	NA	true		
0001413398-16-000019	corporationPartnership	35	Nicole Livelli	06-AUG-2010	Vice President	NA	true		01-AUG-2012
0001413398-16-000019	corporationPartnership	36	Chris O'Dell	24-JAN-2011	Managing Director, Secretary	NA	true		
0001413398-16-000019	corporationPartnership	37	Barbara Toich	19-APR-2011	Vice President	NA	true		
0001413398-16-000019	corporationPartnership	38	Jeffrey Gelfand	28-NOV-2011	Managing Director, CFO, Treasurer	NA	true		
0001413398-16-000019	corporationPartnership	42	Joanne Antico	17-MAR-2014	Executive Director & Assistant Secretary	NA	false		07-DEC-2015
0001413398-16-000019	corporationPartnership	39	Kevin Klingert	07-MAR-2013	Director & Managing Director	NA	true		25-FEB-2016
0001413398-16-000019	corporationPartnership	40	John Chiota	07-AUG-2013	Executive Director, AML Officer	NA	true		21-JUL-2014
0001413398-16-000019	corporationPartnership	41	Matthew Knapp	22-JUL-2014	Interim Chief AML Officer	NA	false		18-AUG-2014
0001413398-16-000019	corporationPartnership	43	Joseph Benedetti	17-MAR-2014	Managing Director & Assistant Secretary	NA	false		
0001413398-16-000019	corporationPartnership	44	Greg Segrist	04-OCT-2012	Managing Director	NA	false		
0001413398-16-000019	corporationPartnership	45	Philip Varela	18-AUG-2014	Chief AML Compliance Officer	NA	true		
0001413398-16-000019	corporationPartnership	46	Stefanie Chang Yu	15-AUG-2014	Managing Director & CCO	NA	true		31-OCT-2014
0001413398-16-000019	corporationPartnership	47	Robert Creaney	22-JUL-2014	Executive Director	NA	false		
0001413398-16-000019	corporationPartnership	48	Ilene Shore	31-OCT-2014	Exec. Director, Chief Compliance Officer	NA	false		
0001413398-16-000019	corporationPartnership	49	John Keleghan	22-OCT-2014	Managing Director	NA	false		
0001413398-16-000019	corporationPartnership	50	James Simon David Levi	04-MAR-2015	Managing Director	NA	false		
0001413398-16-000019	corporationPartnership	51	Michael P. Levy	01-MAY-2015	Managing Director	NA	false		
0001413398-16-000019	corporationPartnership	52	Giselle Lopez-Velasco	08-SEP-2014	Executive Director	NA	false		
0001413398-16-000019	corporationPartnership	53	Amy Yeung	22-OCT-2014	Executive Director	NA	false		
0001413398-16-000019	corporationPartnership	1	Matthew Paul Martin	01-JUN-2008	Director, President and CEO	NA	true		
0001413398-16-000019	corporationPartnership	2	Joseph Patrick Pollaro	01-JUN-2008	Managing Director and COO	NA	true		01-JUL-2010
0001413398-16-000019	corporationPartnership	3	Richard Charlino	01-JUN-2008	Executive Director, Chief Tech. Officer	NA	false		01-JUN-2010
0001413398-16-000019	corporationPartnership	4	Gina Gallagher	01-JUN-2008	Executive Director, AML Officer	NA	true		07-AUG-2013
0001413398-16-000019	corporationPartnership	5	Robert Henry Serafin	01-JUN-2008	Executive Director	NA	true		02-MAY-2014
0001413398-16-000019	corporationPartnership	6	Evan Andrew Gordon	17-OCT-2007	Vice President, Chief Compliance Officer	NA	true		05-MAR-2010
0001413398-16-000019	corporationPartnership	7	Lisa Lee Gray	17-OCT-2007	Vice President, Compliance Officer	NA	true		01-JUN-2010
0001413398-16-000019	corporationPartnership	8	Keraya Sherie Jefferson	28-SEP-2007	Executive Director, CCO	NA	true		15-AUG-2014
0001413398-16-000019	corporationPartnership	9	Edward Meehan	28-SEP-2007	Executive Director, Assistant Secretary	NA	true		
0001413398-16-000019	corporationPartnership	10	Brian Drummond	01-JUN-2008	Executive Director	NA	true		01-JUN-2010
0001413398-16-000019	corporationPartnership	11	Laurie Jones	01-JUN-2008	Executive Director	NA	true		01-JUN-2010
0001413398-16-000019	corporationPartnership	12	Mario A Furlan	01-JUN-2008	Executive Director	NA	true		
0001413398-16-000019	corporationPartnership	13	Randy Takian	01-JUN-2008	Managing Director	NA	false		31-OCT-2010
0001413398-16-000019	corporationPartnership	14	Amy R. Doberman	06-FEB-2006	Managing Director, Secretary	NA	true		03-APR-2009
0001413398-16-000019	corporationPartnership	15	Kenneth Castiglia	15-DEC-2005	Managing Director, Treasurer	NA	true		09-FEB-2009
0001413398-16-000019	corporationPartnership	16	Stefanie Chang Yu	29-SEP-2003	Managing Director, Assistant Secretary	NA	true		07-JAN-2014
0001413398-16-000019	corporationPartnership	19	Walter Rein	01-DEC-2004	Managing Director	NA	true		16-MAY-2014
0001139578-16-000009	corporationPartnership	5	Charles P. Ragusa	24-MAY-2007	President	NA	true		
0001139578-16-000009	corporationPartnership	4	Gregg M. Boland	27-JUN-2007	Senior Vice President	NA	false		
0001139578-16-000009	corporationPartnership	3	Harbor Capital Advisors, Inc.	02-APR-2001	Sole Shareholder	E	true		
0001139578-16-000009	corporationPartnership	2	Charles F. McCain	01-DEC-2004	Director and Chief Compliance Officer	NA	true		
0001139578-16-000009	corporationPartnership	1	David G. Van Hooser	02-APR-2001	Director	NA	true		
0001139578-16-000009	corporationPartnership	6	Anmarie S. Kolinski	01-OCT-2007	Chief Financial Officer	NA	true		
0001352156-16-000016	corporationPartnership	8	National Life Holding Company	01-JAN-1999	Sole Owner of NLV Financial Corporation	E	false		
0001352156-16-000016	corporationPartnership	9	Robert Cotton	09-JUN-2016	Treasurer	NA	true		
0001352156-16-000016	corporationPartnership	7	NLV Financial Corporation	01-NOV-2005	Sole Owner of Sentinel Asset Mgmt, Inc	E	false		
0001352156-16-000016	corporationPartnership	6	Sentinel Asset Management, Inc.	01-OCT-2005	Sole Shareholder	E	true		
0001352156-16-000016	corporationPartnership	5	Matthew C. Frazee	15-JAN-2015	Vice President and Treasurer & Director	NA	false		09-JUN-2016
0001352156-16-000016	corporationPartnership	4	Lisa Francesca Muller	06-FEB-2009	President, CEO and Senior Counsel	NA	true		
0001352156-16-000016	corporationPartnership	3	John Kevin Landy	31-MAR-2006	Senior Vice President	NA	true		
0001352156-16-000016	corporationPartnership	1	Thomas Hyde Brownell	13-JUN-2013	Chair	NA	true		
0001352156-16-000016	corporationPartnership	2	Gregory Donald Woodworth	11-AUG-2011	Director	NA	true		
0000276398-16-000010	corporationPartnership	1	David Pfeffer	21-FEB-2004	Chief Financial Officer & Director	NA	true		31-MAY-2016
0000276398-16-000010	corporationPartnership	2	Stacy Roode	13-JAN-2007	President	NA	true		
0000276398-16-000010	corporationPartnership	3	Kristie M. Feinberg	02-JUN-2008	Treasurer	NA	true		
0000276398-16-000010	corporationPartnership	4	Cynthia Lo Besset	20-FEB-2016	Chief Legal Officer	NA	true		
0000276398-16-000010	corporationPartnership	5	Janette Aprilante	01-NOV-2001	Secretary	NA	true		
0000276398-16-000010	corporationPartnership	6	Eric J. Meltzer	31-MAY-2016	Director	NA	true		
0000276398-16-000010	corporationPartnership	7	Philip F. Vottiero	31-MAY-2016	Director	NA	true		
0000276398-16-000010	corporationPartnership	8	Mary Ann Picciotto	18-AUG-2015	Chife Compliance Officer	NA	true		
0000276398-16-000010	corporationPartnership	9	OppenheimerFunds, Inc.	16-SEP-1987	Parent Company	E	true		
0000950123-16-018530	soleProprietorship	9	Ebrahim Busheri	12-MAR-2015	Director of Investments			Officer	
0000950123-16-018530	soleProprietorship	1	William Manning	18-APR-2016	CEO			Officer	
0000950123-16-018530	soleProprietorship	2	Beth H. Galusha	01-OCT-2011	Treasurer			Officer	
0000950123-16-018530	soleProprietorship	3	Jeffrey S. Coons	01-OCT-2011	President			Officer	
0000950123-16-018530	soleProprietorship	8	Jessica Kushner	05-JUN-2015	CCO			Officer	
0000950123-16-018530	soleProprietorship	5	Richard B. Yates	01-OCT-2011	Chief Legal Officer			Officer	
0000950123-16-018530	soleProprietorship	6	Michelle Thomas	01-OCT-2011	Corporate Secretary			Officer	
0000950123-16-018530	soleProprietorship	7	James E. Mikolaichik	01-OCT-2011	CFO			Officer	
0000950123-16-018530	soleProprietorship	4	Charles H. Stamey	01-OCT-2011	Director of Sales			Officer	
0000005732-16-000006	corporationPartnership	1	Marina V. Day	01-NOV-1993	Director	C	false		
0000005732-16-000006	corporationPartnership	4	Christopher M. Day	09-NOV-2010	n/a	NA	false		25-MAY-2016
0000005732-16-000006	corporationPartnership	3	Christopher M. Day Blind Trust	22-JUL-2016	Shareholder	C	false		
0000005732-16-000006	corporationPartnership	2	Patrick R. Day	20-NOV-2007	President, Director	C	true		
0000721748-16-001481	corporationPartnership	4	Pacific Services Group, Ltd.	28-JAN-2014	Owner/Parent	E	true		
0001665086-16-000003	soleProprietorship	3	FlashFunders, Inc.	08-SEP-2014	Managing Member			Parent Company	
0000721748-16-001481	corporationPartnership	2	Matthew J Smith	07-AUG-2012	Associate General Counsel, Secretary	NA	false		13-MAY-2016
0000721748-16-001481	corporationPartnership	3	Jacqueline Ann Bogle Meuse	09-NOV-2011	Director PSG Ltd, TTEE, PSG Voting Trust	NA	true		
0000721748-16-001481	corporationPartnership	5	Edward Tolchin	15-FEB-2014	Director of PSG, Ltd.	NA	false		02-JUN-2016
0000721748-16-001481	corporationPartnership	6	Mark Allen	12-AUG-2014	Director of PSG, Ltd.	NA	false		01-JUN-2016
0000721748-16-001481	corporationPartnership	7	Patricia Stephan	26-NOV-2014	Director of Finance	NA	true		
0000721748-16-001481	corporationPartnership	8	Thomas W. Pritchard	07-JUN-2016	CEO, Director Pacific Stock Transfer	NA	true		
0000721748-16-001481	corporationPartnership	9	John H. Craddock	01-JUN-2016	Director PSG, Ltd	NA	true		
0000721748-16-001481	corporationPartnership	10	Jessica K. Burleson	01-JUN-2016	Director PSG, Ltd	NA	true		
0000721748-16-001473	corporationPartnership	1	Christan J Dobbins	29-MAY-2009	President, GC	NA	true		
0000721748-16-001473	corporationPartnership	2	Matthew J Smith	07-AUG-2012	Associate General Counsel, Secretary	NA	false		13-MAY-2016
0000721748-16-001473	corporationPartnership	3	Jacqueline Ann Bogle Meuse	09-NOV-2011	Director PSG Ltd, TTEE, PSG Voting Trust	NA	true		
0000721748-16-001473	corporationPartnership	4	Pacific Services Group, Ltd.	28-JAN-2014	Owner/Parent	E	true		
0000721748-16-001473	corporationPartnership	5	Edward Tolchin	15-FEB-2014	Directore of PSG, Ltd.	NA	false		02-JUN-2016
0000721748-16-001473	corporationPartnership	6	Edward Tolchin	15-FEB-2014	Director of PSG, Ltd.	NA	false		01-JUN-2016
0000721748-16-001473	corporationPartnership	7	Patricia Stephan	26-NOV-2014	Director of Finance	NA	true		
0000721748-16-001473	corporationPartnership	8	Thomas W. Pritchard	07-JUN-2016	CEO, Director Pacific Stock Transfer	NA	true		
0000721748-16-001473	corporationPartnership	9	John H. Craddock	01-JUN-2016	Director PSG, Ltd	NA	true		
0000721748-16-001473	corporationPartnership	10	Jessica K. Burleson	01-JUN-2016	Director PSG, Ltd	NA	true		
0001665086-16-000003	soleProprietorship	1	Alan Richard Carlisle	15-JAN-2016	Chief Compliance Officer			Compliance Officer	
0001665086-16-000003	soleProprietorship	2	Joseph Michael Miller	06-SEP-2012	Chief Executive Officer			Executive Officer	
0000721748-16-001481	corporationPartnership	1	Christan J Dobbins	29-MAY-2009	President, GC	NA	true		
0000842657-16-000045	corporationPartnership	4	Nancy Tanzil	13-MAY-2014	Chief Financial Officer and Treasurer	NA	true		
0000842657-16-000045	corporationPartnership	1	John Dorogoff	01-MAY-2014	Director and President	NA	true		24-MAY-2016
0000842657-16-000045	corporationPartnership	15	Brian Binder	25-MAY-2016	Director and President	NA	true		
0000842657-16-000045	corporationPartnership	14	Michael Sharkey	13-MAR-2007	Vice President	NA	true		07-AUG-2014
0000842657-16-000045	corporationPartnership	13	Leah Mizer	10-OCT-2006	Director	NA	true		08-AUG-2014
0000842657-16-000045	corporationPartnership	12	Barbara Wizer	05-JAN-2005	Director and President	NA	true		01-MAY-2014
0000842657-16-000045	corporationPartnership	11	Deutsche Bank Americas Holding Corporation (DBAHC)	01-APR-2001	100% owner of DIMA	E	true		
0000842657-16-000045	corporationPartnership	10	DB USA Corporation	01-APR-2002	100% owner of DB Americas Holding Corp.	E	true		
0000842657-16-000045	corporationPartnership	9	Deutsche Bank AG	01-APR-2002	100% owner of DB USA Corporation	E	true		
0000842657-16-000045	corporationPartnership	8	Deutsche Investment Management Americas Inc. (DIMA)	06-FEB-1998	100% owner of Registrant	E	true		
0000842657-16-000045	corporationPartnership	2	Kristine Lyons	22-SEP-2005	Director	NA	true		
0000842657-16-000045	corporationPartnership	3	Michael Sharkey	08-AUG-2014	Director	NA	true		
0000842657-16-000045	corporationPartnership	5	Fred Ill	13-MAR-2007	Vice President	NA	true		28-FEB-2015
0000842657-16-000045	corporationPartnership	6	Caroline Pearson	22-JUN-2010	Secretary	NA	true		
0000842657-16-000045	corporationPartnership	7	Anjie Larocca	11-JUL-2006	Assistant Secretary	NA	true		
0001018490-16-000040	corporationPartnership	7	Deutsche Bank AG	04-JUN-1999	Owner of 100% of DB USA Corporation	E	false		
0001018490-16-000040	corporationPartnership	6	DB USA Corporation	04-JUN-1999	Owner of 100% of DBTC	E	false		01-FEB-2012
0001018490-16-000040	corporationPartnership	5	Deutsche Bank Trust Corporation ('DBTC')	31-MAR-1990	Owner of 100% of DBHold	E	false		
0001018490-16-000040	corporationPartnership	3	Scott Allan Muirhead	05-FEB-2003	Director and President	NA	true		25-JUL-2008
0001018490-16-000040	corporationPartnership	4	Deutsche Bank Holdings, Inc. ('DBHold')	12-DEC-1991	Owner of 100% of Registrant	E	false		
0001018490-16-000040	corporationPartnership	1	Foy Benton Hester	01-JUL-1999	Director	NA	true		31-MAR-2015
0001018490-16-000040	corporationPartnership	9	Deutsche Bank AG	01-FEB-2012	Owner of 100% of DBTC	E	false		
0001018490-16-000040	corporationPartnership	8	Alec Gurdeep Singh	05-AUG-2008	Director and President	NA	true		
0001018490-16-000040	corporationPartnership	2	Michael Seamus Moran	31-AUG-2004	Director	NA	true		31-JUL-2009
0000275143-16-000028	corporationPartnership	8	Patricia Louise Crockan	10-JUL-2015	Chief Operations Officer	NA	false		
0000275143-16-000028	corporationPartnership	7	Gunjan Kedia	26-FEB-2015	Director	NA	false		24-MAY-2016
0000275143-16-000028	corporationPartnership	6	Tracy Wayne Shelby	15-APR-2014	Chief Relationship Officer	NA	false		
0000275143-16-000028	corporationPartnership	5	Craig Barnes Hollis	28-FEB-2014	Chief Compliance Officer	NA	false		
0000275143-16-000028	corporationPartnership	9	Andrew Erickson	01-JUN-2016	Director	NA	true		
0000275143-16-000028	corporationPartnership	3	Jay Alan Shuman	01-APR-2001	Treasurer and Chief Financial Officer	NA	true		
0000275143-16-000028	corporationPartnership	2	Terrence Lester Metzger	01-JAN-2004	President and Chief Executive Officer	NA	true		
0000275143-16-000028	corporationPartnership	1	Boston Financial Data Services, Inc.	12-MAY-1982	Shareholder	E	true		
0000275143-16-000028	corporationPartnership	4	Sharon Leigh James	01-JUL-2001	Chief Legal Officer/DVP/Secretary	NA	false		
0000275143-16-000027	corporationPartnership	11	Edmond Joseph Burke	26-MAR-2013	Director	NA	true		
0000275143-16-000027	corporationPartnership	12	Craig Barnes Hollis	28-FEB-2014	Chief Compliance Officer	NA	false		
0000275143-16-000027	corporationPartnership	13	Gunjan Kedia	01-JAN-2015	Director	NA	false		24-MAY-2016
0000275143-16-000027	corporationPartnership	14	Tracy Wayne Shelby	10-JUL-2015	Chief Relationship Officer	NA	false		
0000275143-16-000027	corporationPartnership	15	Patricia Louise Crockan	10-JUL-2015	Chief Operations Officer	NA	false		
0000275143-16-000027	corporationPartnership	16	Andrew Erickson	01-JUN-2016	Director	NA	true		
0000275143-16-000027	corporationPartnership	10	Alison Ann Quirk	01-JUL-2009	Director	NA	true		
0000275143-16-000027	corporationPartnership	9	Robert Kaplan	14-JAN-2009	Director	NA	true		
0000275143-16-000027	corporationPartnership	8	Sharon Leigh James	01-JUL-2001	Chief Legal Officer / Secretary	NA	false		
0000275143-16-000027	corporationPartnership	7	Jay Alan Shuman	01-APR-2001	Treasurer and Chief Financial Officer	NA	true		
0000275143-16-000027	corporationPartnership	6	Thomas Austin McCullough	01-JUN-1987	Director	NA	true		
0000275143-16-000027	corporationPartnership	5	James Scott Phalen	11-MAR-2005	Director	NA	true		
0000275143-16-000027	corporationPartnership	4	Terrence Lester Metzger	01-JAN-2004	President and CEO	NA	true		
0000275143-16-000027	corporationPartnership	3	Stephen Clifford Hooley	01-JAN-2004	Director	NA	true		
0000275143-16-000027	corporationPartnership	1	State Street Corporation	05-SEP-1973	Co-shareholder	D	true		
0000275143-16-000027	corporationPartnership	2	DST Systems, Inc.	05-SEP-1973	Co-shareholder	D	true		
0001146230-16-000033	corporationPartnership	1	Stephen Cesso	09-NOV-2001	U.S. General Counsel and Asst. Secretary	NA	true		
0001146230-16-000033	corporationPartnership	23	Sheila M. Frierson	01-JUL-2016	President, US Plan Managers	NA	true		
0001146230-16-000033	corporationPartnership	3	Computershare Limited	27-JUN-2005	Indirect Owner	E	true		
0001146230-16-000033	corporationPartnership	4	Nancy R. Greer	27-JUN-2005	EVP, Human Resources North America	NA	true		
0001146230-16-000033	corporationPartnership	5	Richard L. Johnson, Jr.	09-NOV-2001	Chief Compliance Officer	NA	true		
0001146230-16-000033	corporationPartnership	6	Computershare US Services Inc.	14-MAR-2007	Direct Owner	E	true		
0001146230-16-000033	corporationPartnership	7	Martin J. McHale, Jr.	13-AUG-2007	President, US Equity Services	NA	true		
0001146230-16-000033	corporationPartnership	8	Steven R. Rothbloom	04-OCT-2007	President and Director	NA	true		
0001146230-16-000033	corporationPartnership	9	Computershare Finance Company Pty Ltd	19-MAY-2010	Indirect Owner	B	true		
0001146230-16-000033	corporationPartnership	10	ACN 081 035 752 Pty Ltd	19-MAY-2010	Indirect Owner	E	true		
0001146230-16-000033	corporationPartnership	11	Computershare Investments (UK)(No. 8) Limited	01-JAN-2012	Indirect Owner	E	true		
0001146230-16-000033	corporationPartnership	12	Computershare Holdings Inc.	01-JAN-2012	Indirect Owner	E	true		
0001146230-16-000033	corporationPartnership	13	William D. Zeller	17-JUL-2012	Chief Legal Officer - Computershare US	NA	true		
0001146230-16-000033	corporationPartnership	14	Frank A. Madonna	12-NOV-2012	Executive Vice President, Operations	NA	true		
0001146230-16-000033	corporationPartnership	15	Kevin M. Brennan	01-JUL-2013	Head of Equity Sales + Strategic Clients	NA	true		
0001146230-16-000033	corporationPartnership	16	Abbe R. Tiger	14-OCT-2013	Head of Compliance - Computershare US	NA	true		
0001146230-16-000033	corporationPartnership	17	Jeffery G. Chasse	23-SEP-2013	Controller	NA	true		
0001146230-16-000033	corporationPartnership	18	Nicholas S. R. Oldfield	01-JUL-2014	CFO, Treasurer, and Director	NA	true		
0001146230-16-000033	corporationPartnership	19	Mark L. McDougall	01-JUL-2014	Global Chief Information Officer	NA	true		
0001146230-16-000033	corporationPartnership	20	Computershare Holdings LLC	31-DEC-2014	Indirect Owner	A	true		
0001146230-16-000033	corporationPartnership	21	Carlos R. Leira	14-SEP-2015	Chief Information Officer	NA	true		
0001146230-16-000033	corporationPartnership	22	Robert M. Fromberg	01-FEB-2016	Secretary	NA	true		
0001146230-16-000033	corporationPartnership	2	Computershare US	27-JUN-2005	Indirect Owner	E	true		
0001559963-16-000007	corporationPartnership	10	Christopher T Amico	27-AUG-2015	Officer - US Bank TA	NA	true		
0001559963-16-000007	corporationPartnership	9	Anthony Maggio	27-AUG-2015	Compliance Officer - US Bank TA	NA	false		
0001559963-16-000007	corporationPartnership	8	Bradley A. Stearns	12-MAR-2013	Compliance Officer - US TA	NA	false		
0001559963-16-000007	corporationPartnership	7	Stephen F. Conlin	12-MAR-2013	Vice President - US TA	NA	true		
0001559963-16-000007	corporationPartnership	6	Michael DeNofrio	12-MAR-2013	Vice President - US TA	NA	true		
0001559963-16-000007	corporationPartnership	11	Sudish Panicker	27-JUN-2016	Director	NA	true		
0001559963-16-000007	corporationPartnership	4	Peter T Johnston	12-AUG-2014	Director	NA	true		
0001559963-16-000007	corporationPartnership	3	Dinesh Umeshchandra Deo	15-FEB-2007	Director	NA	true		
0001559963-16-000007	corporationPartnership	2	The Bank of New York Mellon Corporation	09-JAN-2008	Shareholder	NA	true		
0001559963-16-000007	corporationPartnership	1	MBC Investments Corporation	22-JUL-2004	Shareholder	E	true		
0001559963-16-000007	corporationPartnership	5	Kathleen Jean Geis	31-MAY-2005	Director	NA	true		
0000849542-16-000021	corporationPartnership	13	Daniel G. Kramer	21-APR-2015	Board Director	NA	true		
0000849542-16-000021	corporationPartnership	14	Ann Fogarty	21-APR-2015	Board Director	NA	true		
0000849542-16-000021	corporationPartnership	12	Calvin G. Holmquist	01-JUN-2014	President & Board Chairman	NA	true		
0000849542-16-000021	corporationPartnership	11	Robert F. Mathisen, Jr.	16-JUN-2011	Board Director	NA	true		
0000849542-16-000021	corporationPartnership	10	Stephen P. Farlese	11-OCT-2013	Board Director	NA	true		
0000849542-16-000021	corporationPartnership	9	Joseph G. Bawiec	31-MAR-2009	Managing Director & CFO	NA	true		
0000849542-16-000021	corporationPartnership	8	The Bank of New York Mellon Corporation	01-JUL-2010	Ultimate parent entity	E	true		
0000849542-16-000021	corporationPartnership	7	The Bank of New York Mellon	01-JUL-2010	Owner of indirect owner of parent entity	E	true		
0000849542-16-000021	corporationPartnership	6	BNYM GIS Funding I LLC	01-JUL-2010	Indirect owner of parent entity	E	true		
0000849542-16-000021	corporationPartnership	5	BNYM GIS (UK) Funding II LLC	01-JUL-2010	Owner of parent entity	E	true		
0000849542-16-000021	corporationPartnership	4	BNYM GIS Funding III LLC	01-JUL-2010	Direct parent entity	E	true		
0000849542-16-000021	corporationPartnership	3	Bradley Alan Stearns	01-DEC-1999	Compliance Officer	NA	false		
0000849542-16-000021	corporationPartnership	1	Michael DeNofrio	01-DEC-1999	Board Director, Managing Director	NA	true		
0000849542-16-000021	corporationPartnership	2	Stephen F. Conlin	01-DEC-1999	Managing Director	NA	true		
0001285911-16-000032	corporationPartnership	1	The Dreyfus Corporation	23-JUN-1995	Parent Company	E	true		
0001285911-16-000032	corporationPartnership	2	J. David Officer	01-FEB-2002	Director	NA	false		29-MAY-2009
0001285911-16-000032	corporationPartnership	3	Prasanna Dhore	28-FEB-2003	Director, Chairman	NA	false		11-JUL-2007
0001285911-16-000032	corporationPartnership	4	Patrick Synan	21-MAY-1998	Director, President	NA	false		16-NOV-2012
0001285911-16-000032	corporationPartnership	5	Joni L. Charatan	01-AUG-2005	Chief Legal Officer, VP and Secretary	NA	false		
0001285911-16-000032	corporationPartnership	6	Gary Pierce	01-JUL-2005	Chief Financial Officer and Treasurer	NA	false		02-NOV-2015
0001285911-16-000032	corporationPartnership	14	Alban Miranda	19-MAY-2016	Chief Financial Officer and Treasurer	NA	false		
0001285911-16-000032	corporationPartnership	8	The Bank of New York Mellon Corporation	01-JUL-2007	Ultimate Parent Company	E	true		
0001285911-16-000032	corporationPartnership	9	Stephen J. Storen	20-OCT-2008	Chief Compliance Officer	NA	false		01-DEC-2014
0001285911-16-000032	corporationPartnership	10	Matthew Perrone	01-JUN-2009	Director and Vice President	NA	false		
0001285911-16-000032	corporationPartnership	11	Bradley J. Skapyak	20-MAY-2010	Director and Chairman of the Board	NA	false		
0001285911-16-000032	corporationPartnership	12	Irene Pappas	10-DEC-2012	Director and President	NA	false		
0001285911-16-000032	corporationPartnership	13	Jeffrey M. Soltes	12-NOV-2015	Chief Financial Officer and Treasurer	NA	false		01-APR-2016
0001285911-16-000032	corporationPartnership	7	William H. Maresca	15-OCT-2007	Director and Vice Chairman	NA	false		
0001316141-16-000007	corporationPartnership	1	Mark A. Bogani	01-FEB-2005	Owner Director	E	true		
0001316141-16-000007	corporationPartnership	2	Cindie Walker	01-NOV-2005	Chief Executive Officer	B	true		
0001316141-16-000006	corporationPartnership	2	Cindie Walker	01-NOV-2005	Chief Executive Officer	B	true		
0001316141-16-000006	corporationPartnership	1	Mark A. Bogani	01-FEB-2005	Owner Director	E	true		
0000842657-16-000043	corporationPartnership	3	Michael Sharkey	08-AUG-2014	Director	NA	true		
0000842657-16-000043	corporationPartnership	15	Brian Binder	25-MAY-2016	Director and President	NA	true		
0000842657-16-000043	corporationPartnership	14	Michael Sharkey	13-MAR-2007	Vice President	NA	true		07-AUG-2014
0000842657-16-000043	corporationPartnership	13	Leah Mizer	10-OCT-2006	Director	NA	true		08-AUG-2014
0000842657-16-000043	corporationPartnership	12	Barbara Wizer	05-JAN-2005	Director and President	NA	true		01-MAY-2014
0000842657-16-000043	corporationPartnership	11	Deutsche Bank Americas Holding Corporation (DBAHC)	01-APR-2001	100% owner of DIMA	E	true		
0000842657-16-000043	corporationPartnership	10	DB USA Corporation	01-APR-2002	100% owner of DB Americas Holding Corp.	E	true		
0000842657-16-000043	corporationPartnership	9	Deutsche Bank AG	01-APR-2002	100% owner of DB USA Corporation	E	true		
0000842657-16-000043	corporationPartnership	8	Deutsche Investment Management Americas Inc. (DIMA)	06-FEB-1998	100% owner of Registrant	E	true		
0000842657-16-000043	corporationPartnership	1	John Dorogoff	01-MAY-2014	Director and President	NA	true		24-MAY-2016
0000842657-16-000043	corporationPartnership	2	Kristine Lyons	22-SEP-2005	Director	NA	true		
0000842657-16-000043	corporationPartnership	4	Nancy Tanzil	13-MAY-2014	Chief Financial Officer and Treasurer	NA	true		
0000842657-16-000043	corporationPartnership	5	Fred Ill	13-MAR-2007	Vice President	NA	true		28-FEB-2015
0000842657-16-000043	corporationPartnership	6	Caroline Pearson	22-JUN-2010	Secretary	NA	true		
0000842657-16-000043	corporationPartnership	7	Anjie Larocca	11-JUL-2006	Assistant Secretary	NA	true		
0001018490-16-000038	corporationPartnership	1	Foy Benton Hester	01-JUL-1999	Director	NA	true		31-MAR-2015
0001018490-16-000038	corporationPartnership	2	Michael Seamus Moran	31-AUG-2004	Director	NA	true		31-JUL-2009
0001018490-16-000038	corporationPartnership	9	Deutsche Bank AG	01-FEB-2012	Owner of 100% of DBTC	E	false		
0001018490-16-000038	corporationPartnership	8	Alec Gurdeep Singh	05-AUG-2008	Director and President	NA	true		
0001018490-16-000038	corporationPartnership	6	DB USA Corporation	04-JUN-1999	Owner of 100% of DBTC	E	false		01-FEB-2012
0001018490-16-000038	corporationPartnership	5	Deutsche Bank Trust Corporation ('DBTC')	31-MAR-1990	Owner of 100% of DBHold	E	false		
0001018490-16-000038	corporationPartnership	3	Scott Allan Muirhead	05-FEB-2003	Director and President	NA	true		25-JUL-2008
0001018490-16-000038	corporationPartnership	4	Deutsche Bank Holdings, Inc. ('DBHold')	12-DEC-1991	Owner of 100% of Registrant	E	false		
0001018490-16-000038	corporationPartnership	7	Deutsche Bank AG	04-JUN-1999	Owner of 100% of DB USA Corporation	E	false		
